seed,d,M,k,N,evaluation_samples,t,mse,seconds,backend,device,wrong_bases,classification
20260901,48,128,3,50000,10000,0.1,10.239756446018562,132.8329758644104,numpy-float32-streaming,CPU (torch unavailable),False,non-toy full-protocol numerical experiment
20260902,48,128,3,50000,10000,0.1,10.426986261174305,142.20505166053772,numpy-float32-streaming,CPU (torch unavailable),False,non-toy full-protocol numerical experiment
20260903,48,128,3,50000,10000,0.1,10.342353953899323,136.67865085601807,numpy-float32-streaming,CPU (torch unavailable),False,non-toy full-protocol numerical experiment
20260904,48,128,3,50000,10000,0.1,10.426208268612275,132.63643503189087,numpy-float32-streaming,CPU (torch unavailable),False,non-toy full-protocol numerical experiment
20260905,48,128,3,50000,10000,0.1,10.423480577955615,140.09177708625793,numpy-float32-streaming,CPU (torch unavailable),False,non-toy full-protocol numerical experiment
20260906,48,128,3,50000,10000,0.1,10.352074264395318,131.04253673553467,numpy-float32-streaming,CPU (torch unavailable),False,non-toy full-protocol numerical experiment
20260907,48,128,3,50000,10000,0.1,10.446967349240246,131.84849214553833,numpy-float32-streaming,CPU (torch unavailable),False,non-toy full-protocol numerical experiment
20260908,48,128,3,50000,10000,0.1,10.239278264572526,135.14191269874573,numpy-float32-streaming,CPU (torch unavailable),False,non-toy full-protocol numerical experiment
20260909,48,128,3,50000,10000,0.1,10.145058692586744,141.84011316299438,numpy-float32-streaming,CPU (torch unavailable),False,non-toy full-protocol numerical experiment
20260910,48,128,3,50000,10000,0.1,10.31378215682342,134.18351793289185,numpy-float32-streaming,CPU (torch unavailable),False,non-toy full-protocol numerical experiment
20260911,48,128,3,50000,10000,0.1,10.34784750008915,142.95212149620056,numpy-float32-streaming,CPU (torch unavailable),False,non-toy full-protocol numerical experiment
20260912,48,128,3,50000,10000,0.1,10.531125978433035,129.04156017303467,numpy-float32-streaming,CPU (torch unavailable),False,non-toy full-protocol numerical experiment
20260913,48,128,3,50000,10000,0.1,10.396768032209051,143.24651098251343,numpy-float32-streaming,CPU (torch unavailable),False,non-toy full-protocol numerical experiment
20260914,48,128,3,50000,10000,0.1,10.34052055911463,141.92333555221558,numpy-float32-streaming,CPU (torch unavailable),False,non-toy full-protocol numerical experiment
20260915,48,128,3,50000,10000,0.1,10.409832202289305,140.65656280517578,numpy-float32-streaming,CPU (torch unavailable),False,non-toy full-protocol numerical experiment
20260916,48,128,3,50000,10000,0.1,10.284325821770704,124.14213514328003,numpy-float32-streaming,CPU (torch unavailable),False,non-toy full-protocol numerical experiment
20260917,48,128,3,50000,10000,0.1,10.425167904388614,132.6277368068695,numpy-float32-streaming,CPU (torch unavailable),False,non-toy full-protocol numerical experiment
20260918,48,128,3,50000,10000,0.1,10.486721273358627,127.90759491920471,numpy-float32-streaming,CPU (torch unavailable),False,non-toy full-protocol numerical experiment
20260919,48,128,3,50000,10000,0.1,10.524584909847777,122.56327414512634,numpy-float32-streaming,CPU (torch unavailable),False,non-toy full-protocol numerical experiment
20260920,48,128,3,50000,10000,0.1,10.534101670131463,128.44890069961548,numpy-float32-streaming,CPU (torch unavailable),False,non-toy full-protocol numerical experiment
20260901,48,128,3,50000,10000,0.5,1.4743162801554262,32.94607496261597,numpy-float32-streaming,CPU (torch unavailable),False,non-toy full-protocol numerical experiment
20260902,48,128,3,50000,10000,0.5,1.505846871992156,32.97175145149231,numpy-float32-streaming,CPU (torch unavailable),False,non-toy full-protocol numerical experiment
20260903,48,128,3,50000,10000,0.5,1.4739120046543446,33.40886378288269,numpy-float32-streaming,CPU (torch unavailable),False,non-toy full-protocol numerical experiment
20260904,48,128,3,50000,10000,0.5,1.4865309758716811,33.30861496925354,numpy-float32-streaming,CPU (torch unavailable),False,non-toy full-protocol numerical experiment
20260905,48,128,3,50000,10000,0.5,1.5142043662435891,33.214394330978394,numpy-float32-streaming,CPU (torch unavailable),False,non-toy full-protocol numerical experiment
20260906,48,128,3,50000,10000,0.5,1.4684034490535167,33.43973135948181,numpy-float32-streaming,CPU (torch unavailable),False,non-toy full-protocol numerical experiment
20260907,48,128,3,50000,10000,0.5,1.4956421854994264,33.23596668243408,numpy-float32-streaming,CPU (torch unavailable),False,non-toy full-protocol numerical experiment
20260908,48,128,3,50000,10000,0.5,1.5148236088835676,32.925922870635986,numpy-float32-streaming,CPU (torch unavailable),False,non-toy full-protocol numerical experiment
20260909,48,128,3,50000,10000,0.5,1.4933952079479762,32.95074772834778,numpy-float32-streaming,CPU (torch unavailable),False,non-toy full-protocol numerical experiment
20260910,48,128,3,50000,10000,0.5,1.4821518627020587,33.246946573257446,numpy-float32-streaming,CPU (torch unavailable),False,non-toy full-protocol numerical experiment
20260911,48,128,3,50000,10000,0.5,1.499162152559442,32.73349165916443,numpy-float32-streaming,CPU (torch unavailable),False,non-toy full-protocol numerical experiment
20260912,48,128,3,50000,10000,0.5,1.4779315306499814,33.227195739746094,numpy-float32-streaming,CPU (torch unavailable),False,non-toy full-protocol numerical experiment
20260913,48,128,3,50000,10000,0.5,1.5156958508826583,33.01353740692139,numpy-float32-streaming,CPU (torch unavailable),False,non-toy full-protocol numerical experiment
20260914,48,128,3,50000,10000,0.5,1.518848287902993,32.748573303222656,numpy-float32-streaming,CPU (torch unavailable),False,non-toy full-protocol numerical experiment
20260915,48,128,3,50000,10000,0.5,1.4870748282066688,33.29042863845825,numpy-float32-streaming,CPU (torch unavailable),False,non-toy full-protocol numerical experiment
20260916,48,128,3,50000,10000,0.5,1.4825580940270493,32.922786712646484,numpy-float32-streaming,CPU (torch unavailable),False,non-toy full-protocol numerical experiment
20260917,48,128,3,50000,10000,0.5,1.523869462141608,33.226550579071045,numpy-float32-streaming,CPU (torch unavailable),False,non-toy full-protocol numerical experiment
20260918,48,128,3,50000,10000,0.5,1.516271012491724,33.613248109817505,numpy-float32-streaming,CPU (torch unavailable),False,non-toy full-protocol numerical experiment
20260919,48,128,3,50000,10000,0.5,1.5071373045161136,33.06910681724548,numpy-float32-streaming,CPU (torch unavailable),False,non-toy full-protocol numerical experiment
20260920,48,128,3,50000,10000,0.5,1.5246325338160154,33.44231605529785,numpy-float32-streaming,CPU (torch unavailable),False,non-toy full-protocol numerical experiment
20260901,48,128,3,50000,10000,1.0,0.5893754126073036,33.716108083724976,numpy-float32-streaming,CPU (torch unavailable),False,non-toy full-protocol numerical experiment
20260902,48,128,3,50000,10000,1.0,0.5860755593629109,32.832364559173584,numpy-float32-streaming,CPU (torch unavailable),False,non-toy full-protocol numerical experiment
20260903,48,128,3,50000,10000,1.0,0.580031039476992,33.236371755599976,numpy-float32-streaming,CPU (torch unavailable),False,non-toy full-protocol numerical experiment
20260904,48,128,3,50000,10000,1.0,0.5834927093651296,34.76942324638367,numpy-float32-streaming,CPU (torch unavailable),False,non-toy full-protocol numerical experiment
20260905,48,128,3,50000,10000,1.0,0.5879192530305661,33.19667935371399,numpy-float32-streaming,CPU (torch unavailable),False,non-toy full-protocol numerical experiment
20260906,48,128,3,50000,10000,1.0,0.5756395684143166,33.19991397857666,numpy-float32-streaming,CPU (torch unavailable),False,non-toy full-protocol numerical experiment
20260907,48,128,3,50000,10000,1.0,0.5805165756122481,33.0720112323761,numpy-float32-streaming,CPU (torch unavailable),False,non-toy full-protocol numerical experiment
20260908,48,128,3,50000,10000,1.0,0.5971301790358154,32.90058612823486,numpy-float32-streaming,CPU (torch unavailable),False,non-toy full-protocol numerical experiment
20260909,48,128,3,50000,10000,1.0,0.591984321709454,33.31451344490051,numpy-float32-streaming,CPU (torch unavailable),False,non-toy full-protocol numerical experiment
20260910,48,128,3,50000,10000,1.0,0.5819398064916315,33.02354454994202,numpy-float32-streaming,CPU (torch unavailable),False,non-toy full-protocol numerical experiment
20260911,48,128,3,50000,10000,1.0,0.5852894461996029,33.01592969894409,numpy-float32-streaming,CPU (torch unavailable),False,non-toy full-protocol numerical experiment
20260912,48,128,3,50000,10000,1.0,0.5801258495518219,32.50515365600586,numpy-float32-streaming,CPU (torch unavailable),False,non-toy full-protocol numerical experiment
20260913,48,128,3,50000,10000,1.0,0.5937076590027854,32.87725758552551,numpy-float32-streaming,CPU (torch unavailable),False,non-toy full-protocol numerical experiment
20260914,48,128,3,50000,10000,1.0,0.5967528739409016,32.895859241485596,numpy-float32-streaming,CPU (torch unavailable),False,non-toy full-protocol numerical experiment
20260915,48,128,3,50000,10000,1.0,0.5828027940972733,33.14191436767578,numpy-float32-streaming,CPU (torch unavailable),False,non-toy full-protocol numerical experiment
20260916,48,128,3,50000,10000,1.0,0.584009765208425,32.64702248573303,numpy-float32-streaming,CPU (torch unavailable),False,non-toy full-protocol numerical experiment
20260917,48,128,3,50000,10000,1.0,0.5974058021202269,32.60667037963867,numpy-float32-streaming,CPU (torch unavailable),False,non-toy full-protocol numerical experiment
20260918,48,128,3,50000,10000,1.0,0.5986226405519061,33.1318941116333,numpy-float32-streaming,CPU (torch unavailable),False,non-toy full-protocol numerical experiment
20260919,48,128,3,50000,10000,1.0,0.5882117119665015,33.1724910736084,numpy-float32-streaming,CPU (torch unavailable),False,non-toy full-protocol numerical experiment
20260920,48,128,3,50000,10000,1.0,0.6021273046563959,32.93409037590027,numpy-float32-streaming,CPU (torch unavailable),False,non-toy full-protocol numerical experiment
